,precision,recall,f1-score,support
0,0.912621359223301,0.94,0.9261083743842364,100.0
1,0.9381443298969072,0.91,0.9238578680203046,100.0
accuracy,0.925,0.925,0.925,0.925
macro avg,0.9253828445601041,0.925,0.9249831212022706,200.0
weighted avg,0.9253828445601041,0.925,0.9249831212022704,200.0
